Languages,Total,Male,Female
            Montagnais (Innu),10230,4885,5350
            Atikamekw,6150,3135,3015
            Dene,10700,5185,5515
            Cree; n.o.s.,64050,31305,32745
            Mi'kmaq,6690,3170,3520
            Oji-Cree,12855,6260,6595
          Inuktitut,35215,17530,17680
            Ojibway,17890,8440,9450